Employee ID,Employee Name
EMP001,Rajesh Kumar
EMP002,Priya Sharma
EMP003,Amit Patel
EMP004,Sunita Singh
EMP005,Vikram Gupta
EMP006,Anita Reddy
EMP007,Suresh Joshi
EMP008,Kavita Mehta
EMP009,Ravi Verma
EMP010,Deepa Agarwal
EMP011,Sandeep Kumar
EMP012,Meera Iyer
EMP013,Arjun Nair
EMP014,Shilpa Desai
EMP015,Rohit Shah
EMP016,Neha Trivedi
EMP017,Manish Jain
EMP018,Pooja Agarwal
EMP019,Anil Tiwari
EMP020,Reena Kapoor
EMP021,Vishal Singh
EMP022,Swati Rao
EMP023,Kiran Malhotra
EMP024,Rajiv Choudhary
EMP025,Asha Pandey
EMP026,Satish Kumar
EMP027,Geeta Mishra
EMP028,Naveen Reddy
EMP029,Shruti Gupta
EMP030,Mahesh Yadav
EMP031,Ritu Sharma
EMP032,Ajay Verma
EMP033,Suman Patel
EMP034,Rakesh Singh
EMP035,Kamala Devi
EMP036,Suresh Kumar
EMP037,Indira Reddy
EMP038,Prakash Joshi
EMP039,Lakshmi Iyer
EMP040,Venkatesh Rao
